id|fileurl
763|@/upload/2011/8/重庆保险2011年第二期（总35期）.pdf
818|@/upload/2011/8/重庆保险2011年第一期（总34期）.pdf
819|@/upload/2011/8/重庆保险2011年第三期（总36期）.pdf
820|@/upload/重庆保险4.rar
920|@/upload/重庆保险5.rar
1018|@/upload/2012/5/79246671.zip
1037|@/upload/2016/7/28152557673.pdf
1038|@/upload/2016/7/2815294515.pdf
1039|@/upload/2016/7/28153112279.pdf
1056|@/upload/2016/8/2414591920.pdf
1070|@/upload/2016/8/31104216926.doc
1071|@/upload/2016/8/3111033186.doc
1106|@/upload/2016/11/714514977.pdf
1127|@/upload/2017/1/610368804.pdf
1146|@/upload/2017/3/2414292625.pdf
1164|@/upload/2017/4/2717936724.pdf
1195|@/upload/595321344.pdf
1248|@/upload/24946493.pdf
1267|@/upload/1584632223.doc
1300|@/upload/2017/10/2516161165.pdf
1333|@/upload/791316734.pdf
1390|@/upload/24102725145.pdf
1409|@/upload/2018/2/2711143659.docx
1432|@/upload/8103029988.pdf
1460|@/upload/26171826779.pdf
1486|@/upload/2018/4/279581817.pdf
1497|@/upload/2410221258.pdf
1519|@/upload/2517742535.pdf
1535|@/upload/25144130744.pdf
1555|@/upload/241623265.doc
1556|@/upload/2416147220.pdf
1590|@/upload/20163726364.pdf
1611|@/upload/24154023586.pdf
1625|@/upload/1293629860.pdf
1636|@/upload/2811390997.pdf
1677|@/upload/22111011615.pdf
1711|@/upload/259914189.pdf
1731|@/upload/7103548419.docx
1742|@/upload/22161156888.pdf
1766|@/upload/2393848287.pdf
1784|@/upload/2393850253.pdf
1819|@/upload/2911113917.pdf
1801|@/upload/26104443679.pdf
1833|@/upload/2710121253.pdf
1861|@/upload/261006208.pdf
1868|@/upload/25144014235.pdf
1894|@/upload/26125043153.pdf
1909|@/upload/2511314881.pdf
1932|@/upload/12161627498.pdf
1953|@/upload/23114726457.docx
1954|@/upload/2314553646.pdf
1956|@/upload/31103752427.pdf
1965|@/upload/2611132276.pdf
1985|@/upload/27165135311.pdf
2013|@/upload/110403794.pdf
2039|@/upload/27153218674.pdf
2081|@/upload/319215843.pdf
2100|@/upload/2892814184.pdf
2214|@/upload/8162324948.pdf
2134|@/upload/28173542455.pdf
2155|@/upload/16174238435.pdf
2156|@/upload/16174315555.pdf
2157|@/upload/16174350392.pdf
2158|@/upload/16174524981.pdf
2159|@/upload/16174619861.pdf
2163|@/upload/2417129235.pdf
2208|@/upload/21063671.zip
2176|@/upload/1116050250.pdf
2183|@/upload/311572791.pdf
2200|@/upload/28164758725.pdf
2219|@/upload/20954115.pdf
2222|@/upload/1114611141.pdf
2247|@/upload/25145318708.pdf
2268|@/upload/27111545879.pdf
2269|@/upload/2894616934.pdf
